GEOID,NAME,year,percent_car,percent_pt
06001,"Alameda County, California",2010,0.777269014969027,0.10812225245970274
06007,"Butte County, California",2010,0.8704176915912402,0.011582642753086715
06013,"Contra Costa County, California",2010,0.8182959122941699,0.08830747069428031
06017,"El Dorado County, California",2010,0.8855619840083209,0.02054215692647728
06019,"Fresno County, California",2010,0.8742191306152689,0.013796920628789035
06023,"Humboldt County, California",2010,0.830188046793819,0.01096101632420474
06025,"Imperial County, California",2010,0.932816058961871,0.008851687931704969
06029,"Kern County, California",2010,0.9083181481739638,0.009871183380299456
06031,"Kings County, California",2010,0.9209071297790186,0.019433315809509997
06037,"Los Angeles County, California",2010,0.8278522159713543,0.07208998074936022
06041,"Marin County, California",2010,0.7729032258064517,0.0707541123691519
06047,"Merced County, California",2010,0.9049387017398689,0.0016658319360668946
06053,"Monterey County, California",2010,0.8403557581648957,0.01648621772310305
06055,"Napa County, California",2010,0.8883216441037352,0.01166204534333714
06059,"Orange County, California",2010,0.887100995184406,0.028915851485874593
06061,"Placer County, California",2010,0.8783183624403113,0.008274618492670385
06065,"Riverside County, California",2010,0.9070408659766566,0.014848231824161565
06067,"Sacramento County, California",2010,0.874306816868563,0.033828199250370415
06071,"San Bernardino County, California",2010,0.911180222714415,0.018680593564095613
06073,"San Diego County, California",2010,0.8626880176220967,0.03276428645985178
06075,"San Francisco County, California",2010,0.4395839329030136,0.3405030446719383
06077,"San Joaquin County, California",2010,0.9085829576423944,0.00927855609557734
06079,"San Luis Obispo County, California",2010,0.8848628307841709,0.006823778309575834
06081,"San Mateo County, California",2010,0.8164305724104297,0.08061040478161755
06083,"Santa Barbara County, California",2010,0.798680157416441,0.03895947293993839
06085,"Santa Clara County, California",2010,0.8768177645648809,0.029605967460506918
06087,"Santa Cruz County, California",2010,0.8101387565247042,0.028372080823271226
06089,"Shasta County, California",2010,0.8902936052551664,0.005993574887720364
06095,"Solano County, California",2010,0.9094725999406598,0.024603792174930444
06097,"Sonoma County, California",2010,0.8677944433029701,0.01861516334497637
06099,"Stanislaus County, California",2010,0.91503794331733,0.00859016054927469
06101,"Sutter County, California",2010,0.9078146284506964,0.008951655500264102
06107,"Tulare County, California",2010,0.9051992181626823,0.00961659900766802
06111,"Ventura County, California",2010,0.8870817416873417,0.014245395712729229
06113,"Yolo County, California",2010,0.7994299376936033,0.036158910756981494
08001,"Adams County, Colorado",2010,0.8929005765604305,0.044677278792325
08005,"Arapahoe County, Colorado",2010,0.8849717364114675,0.04117959431793568
08013,"Boulder County, Colorado",2010,0.7493616289377241,0.04435521215088049
08031,"Denver County, Colorado",2010,0.8038542365906232,0.06233365828647374
08035,"Douglas County, Colorado",2010,0.8689357940103879,0.022606089070615537
08041,"El Paso County, Colorado",2010,0.8672910120699999,0.008941493887041612
08059,"Jefferson County, Colorado",2010,0.8718245799540302,0.026419494782468494
08069,"Larimer County, Colorado",2010,0.8844234003606914,0.007180055251977386
08101,"Pueblo County, Colorado",2010,0.923221767170362,0.00872444256147123
12001,"Alachua County, Florida",2010,0.8395142405924958,0.043901686362068655
12009,"Brevard County, Florida",2010,0.9117695319949088,0.004873851939562462
12011,"Broward County, Florida",2010,0.8958717613611729,0.027774715235151657
12021,"Collier County, Florida",2010,0.8715661030292097,0.01563806930936644
12031,"Duval County, Florida",2010,0.9135449959858825,0.013887836971285174
12057,"Hillsborough County, Florida",2010,0.8927460409794308,0.018453750907783634
12071,"Lee County, Florida",2010,0.8755231821747724,0.015760109742254714
12073,"Leon County, Florida",2010,0.9116395932224952,0.009501546486018017
12081,"Manatee County, Florida",2010,0.9135655222650028,0.009917791990522465
12086,"Miami-Dade County, Florida",2010,0.8645944394324613,0.050025876916376555
12087,"Monroe County, Florida",2010,0.7333209094297428,0.024972046216921357
12095,"Orange County, Florida",2010,0.9074527797576621,0.021460709194583035
12097,"Osceola County, Florida",2010,0.9232832245521455,0.017063602277461464
12099,"Palm Beach County, Florida",2010,0.8963797620733607,0.016072440164282678
12101,"Pasco County, Florida",2010,0.918164546094066,0.008081624966072684
12103,"Pinellas County, Florida",2010,0.8902002222486805,0.01740534587450887
12105,"Polk County, Florida",2010,0.9332027205272633,0.008090260323352624
12109,"St. Johns County, Florida",2010,0.8923241061799121,7.189989678885783e-4
12111,"St. Lucie County, Florida",2010,0.918292694483667,0.005866019730295765
12115,"Sarasota County, Florida",2010,0.87894920457717,0.013864080379570192
12117,"Seminole County, Florida",2010,0.9121580655515532,0.007122732112924345
12127,"Volusia County, Florida",2010,0.8965366552239749,0.009471810963923931
25001,"Barnstable County, Massachusetts",2010,0.8915984896161108,0.015775120620935598
25005,"Bristol County, Massachusetts",2010,0.9179148033505476,0.021260923292424235
25009,"Essex County, Massachusetts",2010,0.8613042365036535,0.048633835193620904
25013,"Hampden County, Massachusetts",2010,0.918209419052779,0.016570745121290493
25017,"Middlesex County, Massachusetts",2010,0.7814725273018593,0.10216033484413543
25021,"Norfolk County, Massachusetts",2010,0.787731420179599,0.12436803331969087
25023,"Plymouth County, Massachusetts",2010,0.8894779999227239,0.054144789658740144
25025,"Suffolk County, Massachusetts",2010,0.47813169097104014,0.32167023518455473
25027,"Worcester County, Massachusetts",2010,0.9068284011293527,0.017774166995122763
27003,"Anoka County, Minnesota",2010,0.9117549236215048,0.027914380063193404
27037,"Dakota County, Minnesota",2010,0.8946364649961857,0.03063689533086869
27053,"Hennepin County, Minnesota",2010,0.8117964010979701,0.08135484089599783
27109,"Olmsted County, Minnesota",2010,0.8668832019278623,0.03456269481625062
27123,"Ramsey County, Minnesota",2010,0.8334685672071985,0.06543704762250777
27137,"St. Louis County, Minnesota",2010,0.8897445571361992,0.019674204931312278
27163,"Washington County, Minnesota",2010,0.918955710049103,0.01710502860291377
36005,"Bronx County, New York",2010,0.28372675799950353,0.5952729937706119
36007,"Broome County, New York",2010,0.8905912123303428,0.025327812284334023
36009,"Cattaraugus County, New York",2010,0.8581348018675925,0.011433018077337483
36013,"Chautauqua County, New York",2010,0.8785109983079527,0.008014961261020572
36027,"Dutchess County, New York",2010,0.863973132653879,0.03934667472881319
36029,"Erie County, New York",2010,0.8875951570330133,0.04475249607895643
36047,"Kings County, New York",2010,0.23498099642974582,0.6118044163978749
36055,"Monroe County, New York",2010,0.898824492313532,0.02147584930726893
36059,"Nassau County, New York",2010,0.772438668755444,0.15283596185322618
36061,"New York County, New York",2010,0.08664759619820983,0.5898335624055987
36065,"Oneida County, New York",2010,0.9234560683795143,0.010996764471681568
36067,"Onondaga County, New York",2010,0.8948345334477484,0.018803865238965788
36071,"Orange County, New York",2010,0.8396720469596269,0.0465475955882792
36081,"Queens County, New York",2010,0.40003805346708277,0.5041319396087555
36085,"Richmond County, New York",2010,0.6456041310880593,0.2916846143321188
36087,"Rockland County, New York",2010,0.8393582187295351,0.0776686313032089
36089,"St. Lawrence County, New York",2010,0.8369626032271781,0.0018351498332699237
36103,"Suffolk County, New York",2010,0.8766318778842741,0.05829889953851615
36111,"Ulster County, New York",2010,0.8277070763819341,0.017147463299054692
36119,"Westchester County, New York",2010,0.6814917151934622,0.20607612481661822
39017,"Butler County, Ohio",2010,0.9233052944087086,0.008495138396237101
39035,"Cuyahoga County, Ohio",2010,0.8690919558520367,0.055760672696812626
39049,"Franklin County, Ohio",2010,0.8939751982922947,0.02455540404509142
39055,"Geauga County, Ohio",2010,0.901307719014003,0.00351811132970721
39061,"Hamilton County, Ohio",2010,0.8894361841685595,0.038226541417402324
39093,"Lorain County, Ohio",2010,0.9316979026883585,0.008021350059557016
39095,"Lucas County, Ohio",2010,0.9351239146927421,0.010737165978251707
39113,"Montgomery County, Ohio",2010,0.9054803023432926,0.021443130142323217
39151,"Stark County, Ohio",2010,0.9337846632968985,0.011788106056458823
39155,"Trumbull County, Ohio",2010,0.9345930403145355,0.001901296872249281
39169,"Wayne County, Ohio",2010,0.9170879870816433,0.002229954439723947
48027,"Bell County, Texas",2010,0.9318674363084714,0.0018507179271959216
48029,"Bexar County, Texas",2010,0.9056906009933045,0.025567333629299624
48039,"Brazoria County, Texas",2010,0.9308384044236059,0.005536632986076473
48041,"Brazos County, Texas",2010,0.868376223680923,0.03335453244599905
48061,"Cameron County, Texas",2010,0.9243265739584678,0.006809603765732409
48085,"Collin County, Texas",2010,0.8842094767682656,0.010778583955863029
48113,"Dallas County, Texas",2010,0.9082638529402046,0.026755917306400274
48121,"Denton County, Texas",2010,0.9076964406434415,0.005552915058997877
48141,"El Paso County, Texas",2010,0.9055386327596023,0.018402066332356564
48157,"Fort Bend County, Texas",2010,0.9252633400464642,0.01462038901795609
48167,"Galveston County, Texas",2010,0.9014757259034835,0.007371381354826552
48201,"Harris County, Texas",2010,0.9033276502026852,0.02948460185048148
48215,"Hidalgo County, Texas",2010,0.9030497380761501,0.003935263992151436
48245,"Jefferson County, Texas",2010,0.9316950503956003,0.006572894731461983
48303,"Lubbock County, Texas",2010,0.9264486968862562,0.011191583558938997
48309,"McLennan County, Texas",2010,0.9319987567263049,0.009295413485634361
48339,"Montgomery County, Texas",2010,0.9083232925059059,0.011593597905182964
48355,"Nueces County, Texas",2010,0.8987850384408107,0.019851421320835807
48439,"Tarrant County, Texas",2010,0.9269740857236749,0.005004459884512464
48453,"Travis County, Texas",2010,0.835737385439884,0.034393929512680735
48479,"Webb County, Texas",2010,0.916245869958232,0.01684225837956902
48491,"Williamson County, Texas",2010,0.9025872922813728,0.005156323584533913
53005,"Benton County, Washington",2010,0.9182132746146587,0.009613085876061654
53011,"Clark County, Washington",2010,0.8874219336898875,0.023944072566629667
53029,"Island County, Washington",2010,0.8596516606874204,0.03422636268950353
53033,"King County, Washington",2010,0.7557331437354616,0.10769885172734073
53035,"Kitsap County, Washington",2010,0.7863928926769567,0.07697251987708346
53053,"Pierce County, Washington",2010,0.8919045907290991,0.03242296185384051
53057,"Skagit County, Washington",2010,0.9179699447423689,0.009787329486369104
53061,"Snohomish County, Washington",2010,0.8675406575476249,0.05742971648394838
53063,"Spokane County, Washington",2010,0.8625331933551534,0.02759977008108917
53067,"Thurston County, Washington",2010,0.8933875908249038,0.017443724177233225
53073,"Whatcom County, Washington",2010,0.8489252392279536,0.02384133294231375
53077,"Yakima County, Washington",2010,0.9120563888205885,0.009015654454552905
06001,"Alameda County, California",2012,0.73921215353349,0.13016762997448797
06007,"Butte County, California",2012,0.8570426368309646,0.014236468097973994
06013,"Contra Costa County, California",2012,0.8119309925105263,0.09864866543291145
06017,"El Dorado County, California",2012,0.8652673502455194,0.01012999542356739
06019,"Fresno County, California",2012,0.8861314957940747,0.016539575303426444
06023,"Humboldt County, California",2012,0.8318147040411769,0.012102663977185783
06025,"Imperial County, California",2012,0.8789682177476771,0.013271509154968145
06029,"Kern County, California",2012,0.9231154681296656,0.010256196117228354
06031,"Kings County, California",2012,0.9425110627765694,0.0032063301582539562
06037,"Los Angeles County, California",2012,0.8303246758855386,0.06983343205608968
06041,"Marin County, California",2012,0.7609160499519082,0.08734429774008155
06047,"Merced County, California",2012,0.896855951235162,0.004662602930167897
06053,"Monterey County, California",2012,0.8405812286313004,0.024500937465534355
06055,"Napa County, California",2012,0.8880604867196777,0.010537075172486358
06059,"Orange County, California",2012,0.8784100921491871,0.02996124025663335
06061,"Placer County, California",2012,0.8698063618443937,0.012928535538978858
06065,"Riverside County, California",2012,0.9075358790779042,0.013730313366316013
06067,"Sacramento County, California",2012,0.8790208960412339,0.023543352224393032
06071,"San Bernardino County, California",2012,0.9157388840260088,0.01666018517228319
06073,"San Diego County, California",2012,0.8605404151560009,0.02787723065541448
06075,"San Francisco County, California",2012,0.4400514160617171,0.33108016130004086
06077,"San Joaquin County, California",2012,0.9191671508812705,0.014336625992639938
06079,"San Luis Obispo County, California",2012,0.8429119677881062,0.022255776278330894
06081,"San Mateo County, California",2012,0.8055892811854154,0.09035231141976807
06083,"Santa Barbara County, California",2012,0.8070047140031146,0.0325613451744602
06085,"Santa Clara County, California",2012,0.8686388144381907,0.035040087400158425
06087,"Santa Cruz County, California",2012,0.7949515958829737,0.027031367091317846
06089,"Shasta County, California",2012,0.9087192656217716,0.00876649251748871
06095,"Solano County, California",2012,0.9087987009375939,0.020942932455428144
06097,"Sonoma County, California",2012,0.8681517264481096,0.017092585573117304
06099,"Stanislaus County, California",2012,0.913973683675337,0.009807610176730186
06101,"Sutter County, California",2012,0.9083554304886629,0.013366524162562909
06107,"Tulare County, California",2012,0.9317669309667563,0.00664993574355617
06111,"Ventura County, California",2012,0.8941436017742425,0.013374141944571755
06113,"Yolo County, California",2012,0.7747664616085669,0.044634313055365686
08001,"Adams County, Colorado",2012,0.898868017840625,0.035566769546382875
08005,"Arapahoe County, Colorado",2012,0.8653446475460527,0.05334374186833203
08013,"Boulder County, Colorado",2012,0.7210217698157556,0.05234456127696354
08031,"Denver County, Colorado",2012,0.7737189444533951,0.07180659458243532
08035,"Douglas County, Colorado",2012,0.8609169284234445,0.016888324533850165
08041,"El Paso County, Colorado",2012,0.8801953405077135,0.00534939583877139
08059,"Jefferson County, Colorado",2012,0.8659705914744408,0.02720235325046273
08069,"Larimer County, Colorado",2012,0.8132919641665024,0.015589733156158008
08077,"Mesa County, Colorado",2012,0.8773669972948602,0.007598042838770714
08101,"Pueblo County, Colorado",2012,0.9126847290640394,0.006311576354679803
08123,"Weld County, Colorado",2012,0.8951992091112951,0.006679151562889315
12001,"Alachua County, Florida",2012,0.83182026346273,0.04225820065910581
12009,"Brevard County, Florida",2012,0.9086910658594753,0.006755641166758393
12011,"Broward County, Florida",2012,0.886365610991483,0.03206123182194962
12021,"Collier County, Florida",2012,0.8437977178189149,0.026334594525473324
12031,"Duval County, Florida",2012,0.9037282324785282,0.01802695395852885
12033,"Escambia County, Florida",2012,0.8688271022748708,0.008586411136680877
12057,"Hillsborough County, Florida",2012,0.899165475507776,0.0136964727431462
12071,"Lee County, Florida",2012,0.8810364190598428,0.01314375100272742
12073,"Leon County, Florida",2012,0.9137278371031589,0.018415303304515858
12081,"Manatee County, Florida",2012,0.9076189078097475,0.007457428068115091
12085,"Martin County, Florida",2012,0.8809840180120326,0.002491418447569483
12086,"Miami-Dade County, Florida",2012,0.8535701470802642,0.05948688220745241
12087,"Monroe County, Florida",2012,0.7453306210868359,0.03590204211026867
12091,"Okaloosa County, Florida",2012,0.9217818424478454,0.0055463784446073226
12095,"Orange County, Florida",2012,0.8888087568868255,0.028247686477377926
12097,"Osceola County, Florida",2012,0.9171856239494117,0.017545825662370926
12099,"Palm Beach County, Florida",2012,0.884674662929098,0.020500995417164092
12101,"Pasco County, Florida",2012,0.8956800495478188,0.0036185964892158943
12103,"Pinellas County, Florida",2012,0.8861094522961686,0.014912131958114309
12105,"Polk County, Florida",2012,0.9293734265488899,0.006188542205770125
12109,"St. Johns County, Florida",2012,0.8855676230615442,0.004906251688550278
12115,"Sarasota County, Florida",2012,0.8998802474885237,0.008116559111170249
12117,"Seminole County, Florida",2012,0.9099286474867396,0.005587787474996765
12127,"Volusia County, Florida",2012,0.9083847955706985,0.007389267461669506
25001,"Barnstable County, Massachusetts",2012,0.8906485439281651,0.010926945273019876
25003,"Berkshire County, Massachusetts",2012,0.8570410041286001,0.017592147369468257
25005,"Bristol County, Massachusetts",2012,0.920671135677604,0.025849700105844996
25009,"Essex County, Massachusetts",2012,0.8406926758050126,0.05202909130234947
25013,"Hampden County, Massachusetts",2012,0.9099636522316935,0.02044995859428849
25017,"Middlesex County, Massachusetts",2012,0.7760550030766787,0.10688109132773577
25021,"Norfolk County, Massachusetts",2012,0.7765078104933804,0.13062437247530764
25023,"Plymouth County, Massachusetts",2012,0.88809850302822535,0.04446838728635095
25025,"Suffolk County, Massachusetts",2012,0.47084439611716083,0.33111549810239166
25027,"Worcester County, Massachusetts",2012,0.9090605961129363,0.01610606064522466
27003,"Anoka County, Minnesota",2012,0.9070361456725093,0.03626487149214422
27037,"Dakota County, Minnesota",2012,0.8982477414099526,0.03528121297393365
27053,"Hennepin County, Minnesota",2012,0.8254588747620473,0.06455283983472232
27109,"Olmsted County, Minnesota",2012,0.870625,0.04360969387755102
27123,"Ramsey County, Minnesota",2012,0.8455244666708869,0.05719044755333291
27137,"St. Louis County, Minnesota",2012,0.8749426643077125,0.023873490160103095
27139,"Scott County, Minnesota",2012,0.8928556498474144,0.017265164499811882
27145,"Stearns County, Minnesota",2012,0.8595738810930112,0.023588277340957826
27163,"Washington County, Minnesota",2012,0.9162974250771695,0.019552221310514595
36001,"Albany County, New York",2012,0.8572665775619869,0.05088513679386814
36005,"Bronx County, New York",2012,0.2796364526801934,0.5992532397889937
36007,"Broome County, New York",2012,0.8792190751968147,0.031117093475703555
36027,"Dutchess County, New York",2012,0.8387006097648874,0.0438007236453273
36029,"Erie County, New York",2012,0.8998867644934458,0.03385182458282269
36047,"Kings County, New York",2012,0.23791421137906274,0.6076209841839183
36055,"Monroe County, New York",2012,0.9008214962927638,0.02296726504751848
36059,"Nassau County, New York",2012,0.7660327722037977,0.1580709209272242
36061,"New York County, New York",2012,0.08669990062778749,0.5865798062477335
36063,"Niagara County, New York",2012,0.9202647207155281,0.01538714890025628
36065,"Oneida County, New York",2012,0.8939640948118287,0.013170505182243037
36067,"Onondaga County, New York",2012,0.8823135515192099,0.0294030114487133
36071,"Orange County, New York",2012,0.8415810191555295,0.050215963340073465
36075,"Oswego County, New York",2012,0.9094852230831411,0.003351668933972122
36081,"Queens County, New York",2012,0.38085440288867567,0.5181968061399467
36085,"Richmond County, New York",2012,0.6529604782722997,0.2928249418225368
36087,"Rockland County, New York",2012,0.8209163148392966,0.09399121497718453
36091,"Saratoga County, New York",2012,0.9153291358667829,0.010427800282026639
36103,"Suffolk County, New York",2012,0.8692957145882984,0.06485838966372894
36111,"Ulster County, New York",2012,0.8655322478118429,0.019852329959415188
36119,"Westchester County, New York",2012,0.6611475568805829,0.21153330070879442
39017,"Butler County, Ohio",2012,0.938409951700893,0.004766206840636112
39035,"Cuyahoga County, Ohio",2012,0.8761439619825231,0.048405310762237586
39049,"Franklin County, Ohio",2012,0.9003881272259733,0.02377236286629722
39055,"Geauga County, Ohio",2012,0.9043909508820399,0.004030888380624561
39061,"Hamilton County, Ohio",2012,0.8878204105933509,0.03412219989581008
39085,"Lake County, Ohio",2012,0.9428535823326776,0.007717436778437464
39093,"Lorain County, Ohio",2012,0.9287240595271591,0.007026455670212847
39095,"Lucas County, Ohio",2012,0.9185072312088889,0.016110927340856465
39113,"Montgomery County, Ohio",2012,0.8992026294966218,0.02491239358973244
39153,"Summit County, Ohio",2012,0.9389450545898288,0.016219361408102408
39155,"Trumbull County, Ohio",2012,0.9465878521874558,0.003563169569116051
39157,"Tuscarawas County, Ohio",2012,0.9315085187803154,0.002827406342164916
39169,"Wayne County, Ohio",2012,0.8789659003182135,5.648760097158674e-4
48027,"Bell County, Texas",2012,0.9408619040139367,0.001892019248618469
48029,"Bexar County, Texas",2012,0.9009300399961556,0.028333690661895714
48039,"Brazoria County, Texas",2012,0.9505301077988393,0.004409020377193402
48041,"Brazos County, Texas",2012,0.8808626215438101,0.021663316855885708
48061,"Cameron County, Texas",2012,0.931130075937285,0.008085004842581026
48085,"Collin County, Texas",2012,0.8896525733129196,0.011322576846072312
48113,"Dallas County, Texas",2012,0.8969461196026403,0.02806868270432666
48121,"Denton County, Texas",2012,0.8939890740984451,0.013829581696454821
48141,"El Paso County, Texas",2012,0.9026861702938657,0.017366034536910827
48157,"Fort Bend County, Texas",2012,0.9213271243248045,0.019344500893427586
48167,"Galveston County, Texas",2012,0.8983367829686576,0.018088409225310468
48187,"Guadalupe County, Texas",2012,0.9315557998900494,0.002962555738806426
48201,"Harris County, Texas",2012,0.9020880487299414,0.03060961189153606
48209,"Hays County, Texas",2012,0.897685672734567,0.008876184744997743
48215,"Hidalgo County, Texas",2012,0.90911923779505,0.003030194491206705
48245,"Jefferson County, Texas",2012,0.9454151551793631,0.007103990326481258
48251,"Johnson County, Texas",2012,0.9514398152854218,0.003978914656637091
48303,"Lubbock County, Texas",2012,0.9256644886615617,0.0040874552819087605
48309,"McLennan County, Texas",2012,0.9477489513443421,0.007122017348251913
48339,"Montgomery County, Texas",2012,0.9083977006519837,0.01900443123124253
48355,"Nueces County, Texas",2012,0.9155844155844156,0.02557137744145618
48375,"Potter County, Texas",2012,0.9152522913836322,0.011767857484548708
48423,"Smith County, Texas",2012,0.9179043165012956,0.0021803703469632815
48439,"Tarrant County, Texas",2012,0.9290117741636821,0.00580127090512472
48453,"Travis County, Texas",2012,0.8462328652077745,0.0343730164483397
48479,"Webb County, Texas",2012,0.9371008802209182,0.00955730065585088
48491,"Williamson County, Texas",2012,0.9074066451716174,0.0043676110768105
53005,"Benton County, Washington",2012,0.9039229417763198,0.01186834248645461
53011,"Clark County, Washington",2012,0.8777909695235804,0.027322604434169992
53033,"King County, Washington",2012,0.7479907835436984,0.11489462421686689
53035,"Kitsap County, Washington",2012,0.7659370534313896,0.09020250252692481
53053,"Pierce County, Washington",2012,0.8850719075443627,0.030229198559692964
53057,"Skagit County, Washington",2012,0.905873899766481,0.006506596411392531
53061,"Snohomish County, Washington",2012,0.8693663480182171,0.053402737069937325
53063,"Spokane County, Washington",2012,0.8679912273107667,0.02630363893457998
53067,"Thurston County, Washington",2012,0.8773404919887218,0.028980735788211854
53073,"Whatcom County, Washington",2012,0.8298853439680958,0.03256895978730475
53077,"Yakima County, Washington",2012,0.9258535287375144,0.0071025053217619125
06001,"Alameda County, California",2014,0.7263628811504991,0.14009723678655572
06007,"Butte County, California",2014,0.833113072305349,0.013977242182600125
06013,"Contra Costa County, California",2014,0.786688759463026,0.1091668568366952
06017,"El Dorado County, California",2014,0.8701297015177285,0.01861781545772042
06019,"Fresno County, California",2014,0.8977183449446353,0.012318473604248505
06023,"Humboldt County, California",2014,0.8167619114398906,0.018371139080741856
06025,"Imperial County, California",2014,0.9212940948556736,0.008858597065919937
06029,"Kern County, California",2014,0.9140853995436284,0.010703817351484145
06031,"Kings County, California",2014,0.8954013472321529,0.0043653332329808454
06037,"Los Angeles County, California",2014,0.8286469814873729,0.06880916783687589
06041,"Marin County, California",2014,0.7518304109983991,0.1037852520087101
06047,"Merced County, California",2014,0.9126723706134299,0.00389463031678371
06053,"Monterey County, California",2014,0.813327397020948,0.017521514435947003
06055,"Napa County, California",2014,0.8859021011855852,0.014966545369174786
06059,"Orange County, California",2014,0.8869365599115157,0.02302899930879867
06061,"Placer County, California",2014,0.8835817979805379,0.013723551029876805
06065,"Riverside County, California",2014,0.903329002711346,0.015935675055617354
06067,"Sacramento County, California",2014,0.8769807465643793,0.03006753058864401
06071,"San Bernardino County, California",2014,0.9108305860574394,0.015621859288921949
06073,"San Diego County, California",2014,0.8469902864928732,0.02714520620195925
06075,"San Francisco County, California",2014,0.41309197354661253,0.33988569575278016
06077,"San Joaquin County, California",2014,0.9182763903238448,0.013947771562934199
06079,"San Luis Obispo County, California",2014,0.8632885563679646,0.010323803046129182
06081,"San Mateo County, California",2014,0.7944463396679398,0.10064662745691501
06083,"Santa Barbara County, California",2014,0.8103194959782852,0.03623776676544563
06085,"Santa Clara County, California",2014,0.8644482963294308,0.04057454257671034
06087,"Santa Cruz County, California",2014,0.7623159671935626,0.029050270676342346
06089,"Shasta County, California",2014,0.9085693950177935,0.0061637010676156585
06095,"Solano County, California",2014,0.897089726396266,0.028986578527756365
06097,"Sonoma County, California",2014,0.8538628301143082,0.02134246485350151
06099,"Stanislaus County, California",2014,0.9172341360949636,0.005349030335596697
06101,"Sutter County, California",2014,0.9074430246344355,0.0072190752206560405
06107,"Tulare County, California",2014,0.9223592077182214,0.003245321621955306
06111,"Ventura County, California",2014,0.8944749747657549,0.01628246041537097
06113,"Yolo County, California",2014,0.7637291350944713,0.03715615834977813
08001,"Adams County, Colorado",2014,0.8984659342154495,0.041761624545052556
08005,"Arapahoe County, Colorado",2014,0.8772334910408698,0.04344611938796054
08013,"Boulder County, Colorado",2014,0.7496127529302712,0.050031101733159326
08031,"Denver County, Colorado",2014,0.7904678537049442,0.07369638765825456
08035,"Douglas County, Colorado",2014,0.8484711322612807,0.02305993748738432
08041,"El Paso County, Colorado",2014,0.8856524318660928,0.006974336964617074
08059,"Jefferson County, Colorado",2014,0.8626164768278991,0.034357540968860664
08069,"Larimer County, Colorado",2014,0.8592297232736761,0.012458197052662526
08077,"Mesa County, Colorado",2014,0.8658520523889661,0.005487671032413844
08101,"Pueblo County, Colorado",2014,0.9287661472692915,0.012096899104736533
08123,"Weld County, Colorado",2014,0.9048470637123225,0.005298229471215921
12001,"Alachua County, Florida",2014,0.8405660879280685,0.04416798198166244
12005,"Bay County, Florida",2014,0.9194297906876284,0.007160341916144149
12009,"Brevard County, Florida",2014,0.9021264226066735,0.006337866882773687
12011,"Broward County, Florida",2014,0.8876185694242794,0.03013071379932038
12021,"Collier County, Florida",2014,0.8320804838071554,0.04254507432317866
12031,"Duval County, Florida",2014,0.8982552672315267,0.018660153254857332
12033,"Escambia County, Florida",2014,0.8565387928272956,0.004862005879966116
12057,"Hillsborough County, Florida",2014,0.8819514872203037,0.015902409592153742
12071,"Lee County, Florida",2014,0.9008294937605421,0.008579710991522516
12073,"Leon County, Florida",2014,0.8997351245353704,0.02684607955044341
12081,"Manatee County, Florida",2014,0.9060173718910245,0.004953430774060767
12083,"Marion County, Florida",2014,0.9066751322751323,0.006239153439153439
12086,"Miami-Dade County, Florida",2014,0.8684577680159459,0.05029955916098858
12095,"Orange County, Florida",2014,0.8928840576589588,0.028996765254895595
12097,"Osceola County, Florida",2014,0.9053508637822962,0.019026142791622076
12099,"Palm Beach County, Florida",2014,0.8759807756080611,0.022750027370482085
12101,"Pasco County, Florida",2014,0.8874337900513741,0.007081874545097143
12103,"Pinellas County, Florida",2014,0.8833200679504389,0.018871690088977062
12105,"Polk County, Florida",2014,0.9207039203645648,0.002092692543873824
12111,"St. Lucie County, Florida",2014,0.9005597451449758,0.0036446428250031496
12115,"Sarasota County, Florida",2014,0.8986470298964783,0.004911294085011411
12117,"Seminole County, Florida",2014,0.900578655203424,0.002448337719938415
12127,"Volusia County, Florida",2014,0.8976988739378853,0.009080039593480796
25001,"Barnstable County, Massachusetts",2014,0.8925156316576989,0.012544962692113321
25005,"Bristol County, Massachusetts",2014,0.9133972510697053,0.023132953567960895
25009,"Essex County, Massachusetts",2014,0.8051091092564172,0.061867996720415416
25013,"Hampden County, Massachusetts",2014,0.9069818020207369,0.020283016637747214
25017,"Middlesex County, Massachusetts",2014,0.7515912145940462,0.11533763594069092
25021,"Norfolk County, Massachusetts",2014,0.7635933872120021,0.14127243704232897
25023,"Plymouth County, Massachusetts",2014,0.8891756875888525,0.04985267371397257
25025,"Suffolk County, Massachusetts",2014,0.4737650416912623,0.32851896997155844
25027,"Worcester County, Massachusetts",2014,0.903967475809886,0.014068395876043617
27003,"Anoka County, Minnesota",2014,0.9074504630774727,0.032198312584164675
27019,"Carver County, Minnesota",2014,0.8899612460873454,0.02055075272022656
27037,"Dakota County, Minnesota",2014,0.8988643677755539,0.032909528553920486
27053,"Hennepin County, Minnesota",2014,0.8072397842946235,0.07532812224327455
27109,"Olmsted County, Minnesota",2014,0.8486747483049106,0.06730275323607972
27123,"Ramsey County, Minnesota",2014,0.8246353760278494,0.07188193985955225
27131,"Rice County, Minnesota",2014,0.8252595673379013,0.007121271057119775
27137,"St. Louis County, Minnesota",2014,0.8777520710500784,0.017144136556032967
27141,"Sherburne County, Minnesota",2014,0.9085914719181845,0.007078561467269577
27145,"Stearns County, Minnesota",2014,0.8612690386631313,0.010433495714373806
27163,"Washington County, Minnesota",2014,0.9034418473492919,0.02563761122947738
36001,"Albany County, New York",2014,0.8428726792005574,0.061775106312314
36005,"Bronx County, New York",2014,0.2660460821576585,0.606302833787856
36007,"Broome County, New York",2014,0.8829963192470763,0.03715696780505987
36027,"Dutchess County, New York",2014,0.8238644712995165,0.05948623930248343
36029,"Erie County, New York",2014,0.8929090079249824,0.03427013171422117
36045,"Jefferson County, New York",2014,0.8655518270639055,0.00561745675670665
36047,"Kings County, New York",2014,0.22934982234165355,0.62227802489173345
36055,"Monroe County, New York",2014,0.8918925723877466,0.0341726115540635
36059,"Nassau County, New York",2014,0.7676699536085431,0.1548650663575915
36061,"New York County, New York",2014,0.07577225847813239,0.6038049537049163
36063,"Niagara County, New York",2014,0.9317715423532519,0.00923461405611882
36065,"Oneida County, New York",2014,0.8937760966743626,0.01632853563884659
36067,"Onondaga County, New York",2014,0.8667985812266209,0.03776630828340413
36071,"Orange County, New York",2014,0.8454993049119555,0.06171223354958295
36081,"Queens County, New York",2014,0.38205127029468267,0.5229001508489264
36085,"Richmond County, New York",2014,0.6485317838194998,0.2920302388401967
36087,"Rockland County, New York",2014,0.8146237699124667,0.0914478334148861
36091,"Saratoga County, New York",2014,0.904964502209424,0.007696232305151287
36101,"Steuben County, New York",2014,0.9028693969837533,0.004522039113307382
36103,"Suffolk County, New York",2014,0.8695736781815422,0.0689139765654112
36105,"Sullivan County, New York",2014,0.9005775452813644,0.015572556015844698
36111,"Ulster County, New York",2014,0.8546505235122357,0.01759294327497526
36119,"Westchester County, New York",2014,0.6585060959702246,0.2241943057898673
39017,"Butler County, Ohio",2014,0.9309562289183086,0.0023087795566017017
39023,"Clark County, Ohio",2014,0.9091741253051261,0.01208638459452129
39035,"Cuyahoga County, Ohio",2014,0.8689318438602894,0.05089052303275525
39041,"Delaware County, Ohio",2014,0.9104978075831829,0.0028269280371421204
39049,"Franklin County, Ohio",2014,0.899321058411421,0.024704816717834442
39055,"Geauga County, Ohio",2014,0.8734742290273884,0.008928186327366833
39057,"Greene County, Ohio",2014,0.917737889951403,0.0043632753305115745
39061,"Hamilton County, Ohio",2014,0.8716951075408272,0.0413840264732006
39093,"Lorain County, Ohio",2014,0.9122173470359437,0.0032889194910598525
39095,"Lucas County, Ohio",2014,0.9325065133825058,0.0129960535812087
39099,"Mahoning County, Ohio",2014,0.9396304995756272,0.014606320194224582
39113,"Montgomery County, Ohio",2014,0.9139940077966736,0.024594419760652332
39151,"Stark County, Ohio",2014,0.9364819725197149,0.01113445136999667
39153,"Summit County, Ohio",2014,0.9354497639296864,0.021457791858265535
39155,"Trumbull County, Ohio",2014,0.9547764459231576,0.003543594184403628
39169,"Wayne County, Ohio",2014,0.8915349054038305,0.0019618507439493416
48027,"Bell County, Texas",2014,0.926549057324673,0.005085571995098879
48029,"Bexar County, Texas",2014,0.9055247255990994,0.025747917078263148
48039,"Brazoria County, Texas",2014,0.9597532560065216,0
48041,"Brazos County, Texas",2014,0.8894602324590762,0.020791496784924642
48085,"Collin County, Texas",2014,0.8965200098337051,0.011234129980508193
48099,"Coryell County, Texas",2014,0.8347561379127788,0.008834623783998411
48113,"Dallas County, Texas",2014,0.8890747857079272,0.03271765527075719
48121,"Denton County, Texas",2014,0.9066745572349824,0.007525671862419645
48139,"Ellis County, Texas",2014,0.9474056732182718,0.0033211738443948385
48141,"El Paso County, Texas",2014,0.9097647759372736,0.01603067094151225
48157,"Fort Bend County, Texas",2014,0.9236780419685049,0.017443237784122788
48167,"Galveston County, Texas",2014,0.9133131240092333,0.012327224184442528
48181,"Grayson County, Texas",2014,0.903237958899207,0
48201,"Harris County, Texas",2014,0.9016391819087287,0.029255610135216707
48215,"Hidalgo County, Texas",2014,0.8843553805952421,0.0014422913767943803
48245,"Jefferson County, Texas",2014,0.9630560417746399,0.0030802929700869328
48251,"Johnson County, Texas",2014,0.9240544922876506,0.0027024405116620703
48303,"Lubbock County, Texas",2014,0.9240109947461814,0.0092272363522494
48309,"McLennan County, Texas",2014,0.9274025364020667,0.007609206200093941
48355,"Nueces County, Texas",2014,0.9363924871266099,0.017541151628159692
48381,"Randall County, Texas",2014,0.9516336012980309,0.004513607198170956
48439,"Tarrant County, Texas",2014,0.9250504221604177,0.0063191443984579425
48441,"Taylor County, Texas",2014,0.9040930303725805,0.00472802386963507
48453,"Travis County, Texas",2014,0.8456294336306777,0.035576003804427415
48479,"Webb County, Texas",2014,0.9306390173351531,0.014075899859444704
48491,"Williamson County, Texas",2014,0.8978177277987713,0.00797249034548841
53005,"Benton County, Washington",2014,0.9223431428329318,0.009006500659750385
53009,"Clallam County, Washington",2014,0.8484209069839842,0.0050849216506970146
53011,"Clark County, Washington",2014,0.8783295755126741,0.024582003455242894
53015,"Cowlitz County, Washington",2014,0.9004074241738343,0.002955822437621495
53033,"King County, Washington",2014,0.7271804368374888,0.1325873845250444
53035,"Kitsap County, Washington",2014,0.7673853218753693,0.09002887001738955
53053,"Pierce County, Washington",2014,0.8874029324312621,0.03338940661174809
53057,"Skagit County, Washington",2014,0.8735859114331405,0.008844840180845392
53061,"Snohomish County, Washington",2014,0.8626002301655751,0.0511864741677859
53063,"Spokane County, Washington",2014,0.8786896946815804,0.026324439560852373
53067,"Thurston County, Washington",2014,0.9060930646494183,0.014104316318098022
53073,"Whatcom County, Washington",2014,0.8414283521768047,0.020831841203253695
53077,"Yakima County, Washington",2014,0.9392128681682155,0.006270672546857773
06001,"Alameda County, California",2016,0.7047047569580838,0.15096174048993366
06007,"Butte County, California",2016,0.8571333303694483,0.013393055617303161
06013,"Contra Costa County, California",2016,0.7908909847765812,0.10427705575941468
06017,"El Dorado County, California",2016,0.8712552332723307,0.00931334453107373
06019,"Fresno County, California",2016,0.9020561597279004,0.009848459121057678
06025,"Imperial County, California",2016,0.8957892456634395,0.0021828603802509458
06029,"Kern County, California",2016,0.9242527163658211,0.007176217345493958
06031,"Kings County, California",2016,0.8911754567390555,0.001206480523957256
06037,"Los Angeles County, California",2016,0.8350989058125837,0.06018439608364304
06041,"Marin County, California",2016,0.7352203511286277,0.08881030641970308
06053,"Monterey County, California",2016,0.8123912668683291,0.018133943544974374
06055,"Napa County, California",2016,0.8469488257244718,0.020891422864039284
06059,"Orange County, California",2016,0.8817256556672575,0.02196024887682089
06061,"Placer County, California",2016,0.8690933571669007,0.010156349749863614
06065,"Riverside County, California",2016,0.9049741235007756,0.009748606354715358
06067,"Sacramento County, California",2016,0.8726247932268751,0.0221974744430639
06071,"San Bernardino County, California",2016,0.8999478188745283,0.015813843265216836
06073,"San Diego County, California",2016,0.8459801115571598,0.02887592613931876
06075,"San Francisco County, California",2016,0.403219779846504,0.3429942713734517
06077,"San Joaquin County, California",2016,0.9117786147088943,0.014860630556150934
06079,"San Luis Obispo County, California",2016,0.8525191433939385,0.00979812420937596
06081,"San Mateo County, California",2016,0.7896282354796036,0.11370214988335399
06083,"Santa Barbara County, California",2016,0.8175396066325129,0.03613128663554322
06085,"Santa Clara County, California",2016,0.8488657733082599,0.044442145212162845
06087,"Santa Cruz County, California",2016,0.7691716925300988,0.025712844375174116
06089,"Shasta County, California",2016,0.8892876241943202,0.006867629260604013
06095,"Solano County, California",2016,0.9078589051012218,0.025863130266067198
06097,"Sonoma County, California",2016,0.862996066064375,0.012417238521998665
06099,"Stanislaus County, California",2016,0.9041611342617053,0.010374120749619815
06107,"Tulare County, California",2016,0.9211732139701985,0.009128923964897815
06111,"Ventura County, California",2016,0.9017098390051845,0.012922465208747515
06113,"Yolo County, California",2016,0.7839820488478467,0.04563303702425132
08001,"Adams County, Colorado",2016,0.8841681503773615,0.040962232341216695
08005,"Arapahoe County, Colorado",2016,0.862769514242834,0.03543397179666256
08013,"Boulder County, Colorado",2016,0.7239026014172255,0.045851762020259666
08031,"Denver County, Colorado",2016,0.7759839242445933,0.06296160799970309
08035,"Douglas County, Colorado",2016,0.8332689379304075,0.020943657810404782
08041,"El Paso County, Colorado",2016,0.8781691972943569,0.00516768364788799
08059,"Jefferson County, Colorado",2016,0.8490324822411403,0.032524855847557356
08069,"Larimer County, Colorado",2016,0.8397458564796332,0.016545564465534353
08101,"Pueblo County, Colorado",2016,0.928808789629674,0.014609466215609376
08123,"Weld County, Colorado",2016,0.9000657414698636,0.004926998071101928
12001,"Alachua County, Florida",2016,0.8315829528158295,0.042981566040926775
12005,"Bay County, Florida",2016,0.9206113985922058,0.012596053873824349
12009,"Brevard County, Florida",2016,0.9037319405248304,0.004056273956446654
12011,"Broward County, Florida",2016,0.8902571822054255,0.029427024949556416
12021,"Collier County, Florida",2016,0.8675375355512931,0.01842053045836365
12031,"Duval County, Florida",2016,0.8811608572443039,0.024731636620240416
12033,"Escambia County, Florida",2016,0.8483930508785031,0.008552548152114184
12057,"Hillsborough County, Florida",2016,0.883323796904174,0.015515268325001505
12069,"Lake County, Florida",2016,0.9143971785214194,0.004305600275558418
12071,"Lee County, Florida",2016,0.8897856633898752,0.004538654545577344
12073,"Leon County, Florida",2016,0.9130214348083261,0.011562403177196293
12081,"Manatee County, Florida",2016,0.8991308163357488,0.007756189787898537
12083,"Marion County, Florida",2016,0.9053161244467418,0.0047895195942235
12086,"Miami-Dade County, Florida",2016,0.8526039769600585,0.05337486577641544
12087,"Monroe County, Florida",2016,0.7394520675814431,0.020559133762718194
12095,"Orange County, Florida",2016,0.8857356108521454,0.027358467143770444
12097,"Osceola County, Florida",2016,0.9454201795294821,0.004553189830992868
12099,"Palm Beach County, Florida",2016,0.8768608820775187,0.01849880851776565
12101,"Pasco County, Florida",2016,0.8809721428393926,0.004289157824109739
12103,"Pinellas County, Florida",2016,0.851970558945067,0.016437540779066173
12105,"Polk County, Florida",2016,0.9311812948418281,0.0063807867421431025
12109,"St. Johns County, Florida",2016,0.8721744203004229,0.0013307568907685577
12111,"St. Lucie County, Florida",2016,0.8967230189888631,0.00463103917955292
12115,"Sarasota County, Florida",2016,0.8782271598516234,0.013097516116447137
12117,"Seminole County, Florida",2016,0.8790080463845121,0.01109350948916902
12127,"Volusia County, Florida",2016,0.8809220374172201,0.014129936093204747
25001,"Barnstable County, Massachusetts",2016,0.8662577174279872,0.014928632402278999
25005,"Bristol County, Massachusetts",2016,0.9020183684106472,0.02725785869623825
25009,"Essex County, Massachusetts",2016,0.829884975150847,0.05551221483582677
25013,"Hampden County, Massachusetts",2016,0.8970757840693478,0.019197142750846385
25017,"Middlesex County, Massachusetts",2016,0.7425088982700108,0.12392163084365716
25021,"Norfolk County, Massachusetts",2016,0.7529714788643285,0.13857059705143815
25023,"Plymouth County, Massachusetts",2016,0.8683354525269011,0.05906666919704705
25025,"Suffolk County, Massachusetts",2016,0.4835467637721578,0.3221843019669578
25027,"Worcester County, Massachusetts",2016,0.8707442821229118,0.020205696545773144
27003,"Anoka County, Minnesota",2016,0.8894064427395612,0.03696301549438033
27037,"Dakota County, Minnesota",2016,0.8920613593102676,0.030356666063753736
27053,"Hennepin County, Minnesota",2016,0.8057833218330033,0.07456246471489636
27109,"Olmsted County, Minnesota",2016,0.8502862009794712,0.046255589373614396
27123,"Ramsey County, Minnesota",2016,0.8353050217846639,0.06545981331601264
27131,"Rice County, Minnesota",2016,0.7943866943866944,6.831006831006831e-4
27137,"St. Louis County, Minnesota",2016,0.8824653306318696,0.02165720104559245
27145,"Stearns County, Minnesota",2016,0.8678972965761482,0.017513432220349057
27163,"Washington County, Minnesota",2016,0.9067727703913391,0.01716531401984551
36001,"Albany County, New York",2016,0.8282468579813914,0.05622426454310274
36005,"Bronx County, New York",2016,0.27439813178618355,0.6009330923098516
36007,"Broome County, New York",2016,0.8999180532297716,0.024310875167753352
36013,"Chautauqua County, New York",2016,0.9066329656862745,0.002699908088235294
36027,"Dutchess County, New York",2016,0.8242922361521392,0.057016861952481235
36029,"Erie County, New York",2016,0.8937865071954364,0.04125414452968422
36047,"Kings County, New York",2016,0.22088702454640885,0.6182535073104006
36055,"Monroe County, New York",2016,0.8800335711288292,0.03493355714085886
36059,"Nassau County, New York",2016,0.745505372038506,0.17583322252087633
36061,"New York County, New York",2016,0.07963877343290916,0.5922218083293611
36065,"Oneida County, New York",2016,0.905720069580786,0.008931568721198742
36067,"Onondaga County, New York",2016,0.8819699664990113,0.028688043488075996
36071,"Orange County, New York",2016,0.8322328350732591,0.04667061328111659
36081,"Queens County, New York",2016,0.3806824995391177,0.5207737094848679
36085,"Richmond County, New York",2016,0.6349920745472886,0.30262260435179406
36087,"Rockland County, New York",2016,0.8046678585395832,0.07995558411084418
36101,"Steuben County, New York",2016,0.8926810067378268,0.004723424946166848
36103,"Suffolk County, New York",2016,0.8775063714069024,0.05710147106048908
36111,"Ulster County, New York",2016,0.8456129078317984,0.023464458247066944
36119,"Westchester County, New York",2016,0.6584694876816823,0.2256232175377109
39017,"Butler County, Ohio",2016,0.9033086764730737,0.0054365278333323944
39023,"Clark County, Ohio",2016,0.9253338596144991,0.006759423722123545
39035,"Cuyahoga County, Ohio",2016,0.8655335182808165,0.047798227816653556
39041,"Delaware County, Ohio",2016,0.8983999758334927,0.0021749856511363293
39049,"Franklin County, Ohio",2016,0.8871192923812866,0.021535616715806855
39055,"Geauga County, Ohio",2016,0.8510922486966264,0.006096772803653755
39057,"Greene County, Ohio",2016,0.9155685896405806,0.0027184101987251593
39061,"Hamilton County, Ohio",2016,0.8712765472494188,0.03702306122138874
39093,"Lorain County, Ohio",2016,0.9142667177370981,0.007371486799979765
39095,"Lucas County, Ohio",2016,0.9207696432003722,0.017278530313299813
39099,"Mahoning County, Ohio",2016,0.9220874081889381,0.009302844621190602
39113,"Montgomery County, Ohio",2016,0.8956987957289956,0.02727915837549592
39151,"Stark County, Ohio",2016,0.9269776527671958,0.011245223787400538
39153,"Summit County, Ohio",2016,0.9249090590775575,0.013612932090960376
39155,"Trumbull County, Ohio",2016,0.9400319309006122,0.008763768765147078
39169,"Wayne County, Ohio",2016,0.8829076194949239,0.005780555655912425
48027,"Bell County, Texas",2016,0.9265249835676819,0.0075202020852933975
48029,"Bexar County, Texas",2016,0.8938437589721504,0.028039091659488945
48061,"Cameron County, Texas",2016,0.9349974913827368,0.009044053925497324
48085,"Collin County, Texas",2016,0.8841065462002061,0.010662947195303474
48113,"Dallas County, Texas",2016,0.8987573831065818,0.026314519351354773
48121,"Denton County, Texas",2016,0.8811867848000111,0.009893745034543317
48139,"Ellis County, Texas",2016,0.9227957686742179,0.0038296492191008434
48141,"El Paso County, Texas",2016,0.9186276972894509,0.016860676101945676
48157,"Fort Bend County, Texas",2016,0.9160557152332522,0.01821504900876999
48167,"Galveston County, Texas",2016,0.910812409054969,0.008146017022916487
48181,"Grayson County, Texas",2016,0.9142000685166153,3.4258307639602604e-4
48201,"Harris County, Texas",2016,0.9048131775222862,0.02363667646267112
48215,"Hidalgo County, Texas",2016,0.8952000855218615,0.004195106464999206
48245,"Jefferson County, Texas",2016,0.9621167312205453,0.010789719715326935
48303,"Lubbock County, Texas",2016,0.9377808988764045,0.008286516853932585
48309,"McLennan County, Texas",2016,0.9250132251807441,0.003332745547522483
48339,"Montgomery County, Texas",2016,0.9015080578569538,0.009114722232099469
48355,"Nueces County, Texas",2016,0.9191424029400564,0.017680232593282115
48439,"Tarrant County, Texas",2016,0.9231776485596767,0.00548796742968446
48453,"Travis County, Texas",2016,0.829835219292754,0.030746091681614046
48479,"Webb County, Texas",2016,0.9234860181849374,0.010313543842652862
48485,"Wichita County, Texas",2016,0.8422129826597048,0.010604009540385484
48491,"Williamson County, Texas",2016,0.8990745276952754,0.007386937750696592
53005,"Benton County, Washington",2016,0.9385781401298251,0.0062402123106717194
53011,"Clark County, Washington",2016,0.8797741154776997,0.01997003572663363
53029,"Island County, Washington",2016,0.8621057526602293,0.02338813359958421
53033,"King County, Washington",2016,0.7148177282741354,0.13080861272779065
53035,"Kitsap County, Washington",2016,0.7882633025721578,0.09070456181687284
53053,"Pierce County, Washington",2016,0.8809551959469828,0.03824858941818374
53057,"Skagit County, Washington",2016,0.8900453248279335,0.010407923451401712
53061,"Snohomish County, Washington",2016,0.8698074361148117,0.04860774696217351
53063,"Spokane County, Washington",2016,0.8756252552622449,0.025357147562437694
53067,"Thurston County, Washington",2016,0.8700546590317543,0.021546395106715254
53073,"Whatcom County, Washington",2016,0.8450663225205469,0.03216666504943866
53077,"Yakima County, Washington",2016,0.9202667050414928,0.005468412721254857
06001,"Alameda County, California",2018,0.7013646995051145,0.15746494142683626
06007,"Butte County, California",2018,0.8603825775680596,0.012488177926026868
06013,"Contra Costa County, California",2018,0.7847264452596269,0.11235904962487539
06017,"El Dorado County, California",2018,0.8064890182347324,0.01854167614023919
06019,"Fresno County, California",2018,0.9140229026636794,0.010570077172018919
06029,"Kern County, California",2018,0.9289034832049822,0.00863844209255934
06031,"Kings County, California",2018,0.9407548972766364,0.004649196956889264
06037,"Los Angeles County, California",2018,0.8348614650289099,0.05687374122989301
06041,"Marin County, California",2018,0.7233076354419685,0.08321138150053559
06047,"Merced County, California",2018,0.8874835894306689,0.006296111388472846
06053,"Monterey County, California",2018,0.8041000265087921,0.013493494950334998
06055,"Napa County, California",2018,0.8430016205509874,0.021532320989136305
06059,"Orange County, California",2018,0.876899195188463,0.02054758559701733
06061,"Placer County, California",2018,0.8541270252316561,0.011045182791582692
06065,"Riverside County, California",2018,0.9106629942572603,0.01159112149977444
06067,"Sacramento County, California",2018,0.8746865334929206,0.0227355517080848
06071,"San Bernardino County, California",2018,0.9031909791424643,0.013358628113442825
06073,"San Diego County, California",2018,0.8524390465738141,0.026455090619144923
06075,"San Francisco County, California",2018,0.3890654836090879,0.33520663487961705
06077,"San Joaquin County, California",2018,0.9269524275986286,0.015862733635631114
06079,"San Luis Obispo County, California",2018,0.8415858739397185,0.006804703436217719
06081,"San Mateo County, California",2018,0.7805396682134343,0.10558160752651251
06083,"Santa Barbara County, California",2018,0.826205066344994,0.024265379975874548
06085,"Santa Clara County, California",2018,0.8546022627056719,0.040512006450474966
06087,"Santa Cruz County, California",2018,0.7862813807927221,0.025437647112248066
06089,"Shasta County, California",2018,0.9055279061500178,0.007924517122881858
06095,"Solano County, California",2018,0.8902557356247842,0.03319618215915134
06097,"Sonoma County, California",2018,0.8675660771260881,0.020825619411509826
06099,"Stanislaus County, California",2018,0.9145718614208086,0.010024221421897255
06107,"Tulare County, California",2018,0.9211717453249718,0.011052384108586416
06111,"Ventura County, California",2018,0.9002076034145681,0.01061487388939432
06113,"Yolo County, California",2018,0.7792280094024496,0.045063713967586294
08001,"Adams County, Colorado",2018,0.8927540298463379,0.0336860448802676
08005,"Arapahoe County, Colorado",2018,0.8555055565938726,0.036887732363385425
08013,"Boulder County, Colorado",2018,0.7268697839715689,0.04960610606898991
08031,"Denver County, Colorado",2018,0.7629225243515364,0.05859425277028323
08035,"Douglas County, Colorado",2018,0.820911927766399,0.01916292237247059
08041,"El Paso County, Colorado",2018,0.8694524744238586,0.006090418650202967
08059,"Jefferson County, Colorado",2018,0.8482685483542032,0.02924187612363164
08069,"Larimer County, Colorado",2018,0.8122026673625949,0.011238154267725783
08077,"Mesa County, Colorado",2018,0.8560521688159437,0.003854044548651817
08123,"Weld County, Colorado",2018,0.9116205443136955,0.004996853126847596
12001,"Alachua County, Florida",2018,0.8618423097243373,0.02884824564129658
12005,"Bay County, Florida",2018,0.9086034375448844,0.006511227079044382
12009,"Brevard County, Florida",2018,0.8986842622049409,0.00662581988138722
12011,"Broward County, Florida",2018,0.8862313925301952,0.02383964580737095
12021,"Collier County, Florida",2018,0.8764438332313477,0.006630120048700787
12031,"Duval County, Florida",2018,0.8893750778307862,0.01362092435062286
12033,"Escambia County, Florida",2018,0.8543627799564883,0.008744569847427674
12057,"Hillsborough County, Florida",2018,0.8782695017476724,0.014175885290447882
12071,"Lee County, Florida",2018,0.9018808153045061,0.003929825892588975
12073,"Leon County, Florida",2018,0.8824044514621012,0.024160351924760914
12081,"Manatee County, Florida",2018,0.8799786755123801,0.004181968961023575
12086,"Miami-Dade County, Florida",2018,0.8522981572685518,0.04572630180952908
12087,"Monroe County, Florida",2018,0.7865200081665986,0.005589015924867293
12091,"Okaloosa County, Florida",2018,0.9077970864001466,0.007625039448635332
12095,"Orange County, Florida",2018,0.9066937646688626,0.016675952736311228
12099,"Palm Beach County, Florida",2018,0.8781062664074396,0.01350624311827212
12101,"Pasco County, Florida",2018,0.8922992439026604,0.005800074429750115
12103,"Pinellas County, Florida",2018,0.87290770569069,0.01613140013629083
12105,"Polk County, Florida",2018,0.9289400132585789,0.003148079671400446
12111,"St. Lucie County, Florida",2018,0.9078952347078544,0.0036172933867098522
12115,"Sarasota County, Florida",2018,0.8838903858281258,0.0065069082153299315
12117,"Seminole County, Florida",2018,0.8840676725804641,0.00733438387433423
12127,"Volusia County, Florida",2018,0.8655399870661781,0.006889415822375512
25001,"Barnstable County, Massachusetts",2018,0.8760686246001744,0.01238732189589997
25005,"Bristol County, Massachusetts",2018,0.9054121541600674,0.025573248862063552
25009,"Essex County, Massachusetts",2018,0.8339835596286503,0.05710395006262052
25013,"Hampden County, Massachusetts",2018,0.9060644018231784,0.020441696870400976
25017,"Middlesex County, Massachusetts",2018,0.7322335400899107,0.12533659591418653
25021,"Norfolk County, Massachusetts",2018,0.7386681919861647,0.1434901351035633
25023,"Plymouth County, Massachusetts",2018,0.856842886320347,0.06367850558798106
25025,"Suffolk County, Massachusetts",2018,0.47023562270074515,0.3144198706106178
25027,"Worcester County, Massachusetts",2018,0.8792204703812038,0.018603600390002615
27003,"Anoka County, Minnesota",2018,0.9056584935206886,0.025743833356104636
27037,"Dakota County, Minnesota",2018,0.8891793976429507,0.03592754255783501
27053,"Hennepin County, Minnesota",2018,0.7984393152402274,0.07018055290287653
27109,"Olmsted County, Minnesota",2018,0.853085386271227,0.05587180100454437
27123,"Ramsey County, Minnesota",2018,0.8328021477126717,0.06284141237949624
27137,"St. Louis County, Minnesota",2018,0.877606508906326,0.025576610943977503
27145,"Stearns County, Minnesota",2018,0.8714237304545674,0.017209662584111923
27163,"Washington County, Minnesota",2018,0.8953416859749993,0.02251923682027518
27171,"Wright County, Minnesota",2018,0.9227338051465603,0.005165541365004474
36001,"Albany County, New York",2018,0.8435537922268017,0.06148967040304046
36005,"Bronx County, New York",2018,0.2805777981708348,0.584037411293077
36007,"Broome County, New York",2018,0.8782651379685145,0.04468052779823054
36013,"Chautauqua County, New York",2018,0.8817149396953957,0.0015318249845937143
36027,"Dutchess County, New York",2018,0.8316363995820035,0.06334905527155647
36029,"Erie County, New York",2018,0.8837567691476661,0.03409880118565054
36047,"Kings County, New York",2018,0.22784252499547492,0.606548041645763
36055,"Monroe County, New York",2018,0.8855448873444428,0.028132862477858133
36059,"Nassau County, New York",2018,0.7523294153474943,0.17268859333181064
36061,"New York County, New York",2018,0.07514303274613834,0.598929852945164
36063,"Niagara County, New York",2018,0.9131695251996919,0.015762478206219843
36065,"Oneida County, New York",2018,0.9061063821284419,0.014816368940574672
36067,"Onondaga County, New York",2018,0.8818254544101505,0.02706461275139067
36071,"Orange County, New York",2018,0.833848670206807,0.05064305079429096
36081,"Queens County, New York",2018,0.3854033163172948,0.5137404511060425
36085,"Richmond County, New York",2018,0.640386466137037,0.29598720585737737
36087,"Rockland County, New York",2018,0.8279416967381306,0.07337437203707635
36101,"Steuben County, New York",2018,0.9308183594680902,1.4298651160573852e-4
36103,"Suffolk County, New York",2018,0.8742646056541534,0.0641149368883073
36111,"Ulster County, New York",2018,0.7992130527093141,0.0388858118711345
36119,"Westchester County, New York",2018,0.6549510282386994,0.22847388172730637
39017,"Butler County, Ohio",2018,0.9088373839620506,0.006958135219761104
39023,"Clark County, Ohio",2018,0.9260617017358844,0.008721270861581212
39035,"Cuyahoga County, Ohio",2018,0.8750038413603537,0.04294128694108207
39049,"Franklin County, Ohio",2018,0.8897006645452396,0.023332723385833448
39055,"Geauga County, Ohio",2018,0.9224877516527246,0.002331999743266083
39061,"Hamilton County, Ohio",2018,0.873866525579413,0.0307085225519157
39093,"Lorain County, Ohio",2018,0.9283393650271426,0.005312003070680485
39095,"Lucas County, Ohio",2018,0.9265552206083859,0.01929192283230867
39099,"Mahoning County, Ohio",2018,0.9138212323940262,0.012144381051676369
39113,"Montgomery County, Ohio",2018,0.8935398760096472,0.033154469965522265
39151,"Stark County, Ohio",2018,0.9212522299591414,0.010036254819589112
39153,"Summit County, Ohio",2018,0.9074586157135626,0.019998942254659747
39155,"Trumbull County, Ohio",2018,0.9225683602989876,0.0072026681805279595
39157,"Tuscarawas County, Ohio",2018,0.9147484886506216,0.001186266681875214
39169,"Wayne County, Ohio",2018,0.8991243628759732,2.053733126715334e-4
48027,"Bell County, Texas",2018,0.9186861543297187,6.663523495206664e-4
48029,"Bexar County, Texas",2018,0.901608896121508,0.021873609981014376
48039,"Brazoria County, Texas",2018,0.9184229835414268,0.0011214975571635657
48041,"Brazos County, Texas",2018,0.9203211859172329,0.010529721462395952
48061,"Cameron County, Texas",2018,0.9148766314538738,0.006572229545327961
48085,"Collin County, Texas",2018,0.8730166362150207,0.011008750841427061
48113,"Dallas County, Texas",2018,0.896085236460024,0.025408020081504768
48121,"Denton County, Texas",2018,0.8911632529506094,0.00869721832231353
48141,"El Paso County, Texas",2018,0.9144896204330855,0.01188096252071709
48157,"Fort Bend County, Texas",2018,0.9044880620121817,0.014857531619462912
48167,"Galveston County, Texas",2018,0.9325375511055223,0.008916215379365692
48201,"Harris County, Texas",2018,0.9007211743428877,0.0249368355390408
48209,"Hays County, Texas",2018,0.8771429859764621,0.0049961672002525135
48303,"Lubbock County, Texas",2018,0.9163060026459775,0.011867009712997865
48309,"McLennan County, Texas",2018,0.9230358050439019,0.0037767924429099706
48355,"Nueces County, Texas",2018,0.9349478413392005,0.013958211527217898
48375,"Potter County, Texas",2018,0.9317997763294898,0.003451467355674675
48423,"Smith County, Texas",2018,0.926165740046542,0.005345510841942299
48439,"Tarrant County, Texas",2018,0.9237040721858734,0.005158497990239838
48453,"Travis County, Texas",2018,0.832758979511285,0.027213032401593167
48479,"Webb County, Texas",2018,0.9121078202629629,0.01653353828699002
48491,"Williamson County, Texas",2018,0.8922740739184334,0.006534574412203475
53005,"Benton County, Washington",2018,0.9180672510253082,0.007834847840821625
53011,"Clark County, Washington",2018,0.8618592902112497,0.02572521613398801
53029,"Island County, Washington",2018,0.8570356368488353,0.03210652137654973
53033,"King County, Washington",2018,0.695266257526824,0.14553429092981574
53035,"Kitsap County, Washington",2018,0.7886395144066844,0.07495222750946083
53053,"Pierce County, Washington",2018,0.869387972178031,0.04297930001109919
53057,"Skagit County, Washington",2018,0.8787182966287443,0.00948056918206172
53061,"Snohomish County, Washington",2018,0.8409490333919156,0.05930018150911867
53063,"Spokane County, Washington",2018,0.8561346867367033,0.03340968060920055
53067,"Thurston County, Washington",2018,0.8836583219906903,0.0156716474029734
53073,"Whatcom County, Washington",2018,0.8622100561878692,0.022177399990395235
53077,"Yakima County, Washington",2018,0.9384893098729608,0.0017080911111326778
06001,"Alameda County, California",2022,0.5930655689643826,0.06834034355050049
06007,"Butte County, California",2022,0.818751976963602,0.004788342186494475
06013,"Contra Costa County, California",2022,0.7029071996802783,0.04547213866130917
06019,"Fresno County, California",2022,0.8419186284907947,0.0059719476521105696
06023,"Humboldt County, California",2022,0.82348314790844,0.009912995035309924
06025,"Imperial County, California",2022,0.8907102950357789,0.002449293226823763
06029,"Kern County, California",2022,0.9044843624962104,0.003214626139253125
06031,"Kings County, California",2022,0.8930205080597519,0.0061439783948012494
06037,"Los Angeles County, California",2022,0.7408220533651316,0.038133971874667924
06041,"Marin County, California",2022,0.5578984289606342,0.05014111620470822
06047,"Merced County, California",2022,0.8728674069235793,0.0017330720661876769
06053,"Monterey County, California",2022,0.7596104561763198,0.021843680818347384
06059,"Orange County, California",2022,0.7735906574033374,0.01148028801912538
06061,"Placer County, California",2022,0.7354694183712774,0.00663429764631946
06065,"Riverside County, California",2022,0.8490988437742963,0.006946459064361416
06067,"Sacramento County, California",2022,0.7577143731765509,0.008931124808844122
06071,"San Bernardino County, California",2022,0.8532599450305078,0.007709461024334556
06073,"San Diego County, California",2022,0.74317699502171,0.020287345309669885
06075,"San Francisco County, California",2022,0.3511880321853214,0.1690718236557383
06077,"San Joaquin County, California",2022,0.8571230778549856,0.008716896992353245
06079,"San Luis Obispo County, California",2022,0.7742854113334444,0.003279458321341473
06081,"San Mateo County, California",2022,0.6534602329450915,0.04115540765391015
06083,"Santa Barbara County, California",2022,0.7413240621429092,0.019673725413921372
06085,"Santa Clara County, California",2022,0.6812043158301525,0.020662625828437278
06087,"Santa Cruz County, California",2022,0.6872306395316772,0.0249840451934668
06089,"Shasta County, California",2022,0.874590985856027,0.0064254802617690525
06095,"Solano County, California",2022,0.8304414454496021,0.009773098027584162
06097,"Sonoma County, California",2022,0.802301294322339,0.009052366695595483
06099,"Stanislaus County, California",2022,0.8854895991882293,0.010016066294605108
06101,"Sutter County, California",2022,0.8968930507137586,0.0013231888852133643
06107,"Tulare County, California",2022,0.9205405773064266,0.003788017516964982
06111,"Ventura County, California",2022,0.8067795044344173,0.007152442819355843
06113,"Yolo County, California",2022,0.739048494167948,0.018068109365037693
08001,"Adams County, Colorado",2022,0.797206645170335,0.01324828263002944
08005,"Arapahoe County, Colorado",2022,0.7469820427362812,0.02433593793541627
08013,"Boulder County, Colorado",2022,0.5615619950805928,0.029499786233433092
08031,"Denver County, Colorado",2022,0.6235050494794679,0.04354098732258346
08035,"Douglas County, Colorado",2022,0.6661053180144664,0.005216199653540116
08041,"El Paso County, Colorado",2022,0.7654498263193915,0.0031507857594814115
08059,"Jefferson County, Colorado",2022,0.7067103979048537,0.015173133701466356
08069,"Larimer County, Colorado",2022,0.7401210468695131,0.005546260147487141
08077,"Mesa County, Colorado",2022,0.7821351883044244,0.007521890630424441
08101,"Pueblo County, Colorado",2022,0.8786878216123499,0.012692967409948542
08123,"Weld County, Colorado",2022,0.820352046894839,0.005268957339344345
12001,"Alachua County, Florida",2022,0.7438043128419698,0.04021640841724524
12009,"Brevard County, Florida",2022,0.791456220172253,0.009256167299745377
12011,"Broward County, Florida",2022,0.797708558198719,0.019172251458957113
12021,"Collier County, Florida",2022,0.8131426016987037,0.006046949945027728
12031,"Duval County, Florida",2022,0.7796630398415962,0.008076713122115284
12033,"Escambia County, Florida",2022,0.7975079505760909,0.007585631614618633
12057,"Hillsborough County, Florida",2022,0.7468280317235948,0.006403920331110456
12071,"Lee County, Florida",2022,0.816008316008316,0.005589448212399032
12073,"Leon County, Florida",2022,0.8413674001405222,0.012738937152387894
12081,"Manatee County, Florida",2022,0.8010870889643518,5.403658594730904e-4
12086,"Miami-Dade County, Florida",2022,0.7627261228536399,0.03329655050814838
12091,"Okaloosa County, Florida",2022,0.8719928038403995,0.001955079075146631
12095,"Orange County, Florida",2022,0.7536276215673656,0.014698521408197803
12097,"Osceola County, Florida",2022,0.8183302883007749,0.00909148182430566
12099,"Palm Beach County, Florida",2022,0.795101434164219,0.011718015990415357
12101,"Pasco County, Florida",2022,0.7462426046374895,0.002039466431484952
12103,"Pinellas County, Florida",2022,0.7349929471921008,0.01153574892003879
12105,"Polk County, Florida",2022,0.8439797442319302,0.003287373654213356
12111,"St. Lucie County, Florida",2022,0.8427441480747868,0.0014521072284157978
12115,"Sarasota County, Florida",2022,0.775254136361703,0.002716813406490579
12117,"Seminole County, Florida",2022,0.7447137044755383,0.003870199464126228
12127,"Volusia County, Florida",2022,0.8093575146516002,0.006617606892300009
25001,"Barnstable County, Massachusetts",2022,0.802387600229095,0.0155981529209622
25005,"Bristol County, Massachusetts",2022,0.8461502233704721,0.013338312072770333
25009,"Essex County, Massachusetts",2022,0.747244434581123,0.03008631201662765
25013,"Hampden County, Massachusetts",2022,0.8495243141694164,0.011763289096558202
25017,"Middlesex County, Massachusetts",2022,0.6107945670628183,0.06839501980758347
25021,"Norfolk County, Massachusetts",2022,0.63694755769117,0.08890780988344725
25023,"Plymouth County, Massachusetts",2022,0.7739456072375374,0.02703324002150498
25025,"Suffolk County, Massachusetts",2022,0.42102760508741494,0.22178464406691886
25027,"Worcester County, Massachusetts",2022,0.7831645511616184,0.012603675021766026
27003,"Anoka County, Minnesota",2022,0.8055472460573618,0.0051116534152037575
27037,"Dakota County, Minnesota",2022,0.7452178767666676,0.01114884292976145
27053,"Hennepin County, Minnesota",2022,0.6706414240489302,0.03341704560161588
27109,"Olmsted County, Minnesota",2022,0.780961359459653,0.027745292250411703
27123,"Ramsey County, Minnesota",2022,0.7256328436123908,0.03237458388240889
27137,"St. Louis County, Minnesota",2022,0.8172765509989485,0.020199789695057833
27163,"Washington County, Minnesota",2022,0.742102826643429,0.005602908338325799
36001,"Albany County, New York",2022,0.7574397489647368,0.0330512616065228
36005,"Bronx County, New York",2022,0.27991642360848806,0.5267044627508352
36013,"Chautauqua County, New York",2022,0.8506703055560678,0.010252816758560917
36027,"Dutchess County, New York",2022,0.7606426462540452,0.03317951801530947
36029,"Erie County, New York",2022,0.7913411169074922,0.030749958279059988
36047,"Kings County, New York",2022,0.22177305817049536,0.45545701390249643
36055,"Monroe County, New York",2022,0.791019734430867,0.015110997689640849
36059,"Nassau County, New York",2022,0.686356935235397,0.13041836656756683
36061,"New York County, New York",2022,0.07276451260350315,0.4394680762963628
36063,"Niagara County, New York",2022,0.8515274323480743,0.005370537350997314
36067,"Onondaga County, New York",2022,0.787506502861259,0.023401407730512535
36071,"Orange County, New York",2022,0.7680498217937799,0.051156306113259956
36075,"Oswego County, New York",2022,0.8702265494771935,0.009584785573571753
36081,"Queens County, New York",2022,0.378661655212822,0.42097391389526556
36083,"Rensselaer County, New York",2022,0.7883761923216361,0.027115550499431186
36085,"Richmond County, New York",2022,0.6212458947201814,0.23308756611314085
36087,"Rockland County, New York",2022,0.7281876907980811,0.051992477104230266
36103,"Suffolk County, New York",2022,0.7946307469847421,0.04585164303855509
36111,"Ulster County, New York",2022,0.7576200036503011,0.026781042769361805
36119,"Westchester County, New York",2022,0.5828024369016536,0.16797419751190293
39017,"Butler County, Ohio",2022,0.8246068324566118,0.001617727689743715
39035,"Cuyahoga County, Ohio",2022,0.7675147282561343,0.027355348082813348
39049,"Franklin County, Ohio",2022,0.7538362534791411,0.018510689566111977
39055,"Geauga County, Ohio",2022,0.7970784641068447,0.0019407345575959934
39061,"Hamilton County, Ohio",2022,0.7672232867962405,0.03049884497721171
39085,"Lake County, Ohio",2022,0.8191194736312062,0.0031723119272214577
39095,"Lucas County, Ohio",2022,0.8913279337925466,0.005586253879342972
39113,"Montgomery County, Ohio",2022,0.8279240565669193,0.011934526134854285
39151,"Stark County, Ohio",2022,0.8514399549124755,0.0065510833840195975
39153,"Summit County, Ohio",2022,0.8170401119016111,0.006575350729358715
39155,"Trumbull County, Ohio",2022,0.9058947465907249,0.0036002870968488807
39169,"Wayne County, Ohio",2022,0.8335450357366295,6.825032703281703e-4
48027,"Bell County, Texas",2022,0.8460917544810199,0.0012494885942700444
48029,"Bexar County, Texas",2022,0.7949425470954088,0.018158312451956194
48041,"Brazos County, Texas",2022,0.7905381756362606,0.02262537708961816
48061,"Cameron County, Texas",2022,0.8766113860669734,0.006251628028132326
48085,"Collin County, Texas",2022,0.6802143944068777,0.004141856986395195
48113,"Dallas County, Texas",2022,0.7975659489627152,0.012636976731891883
48121,"Denton County, Texas",2022,0.7284811030666637,0.00333619023990497
48141,"El Paso County, Texas",2022,0.880292949610604,0.0047036979730775185
48157,"Fort Bend County, Texas",2022,0.8148857622895546,0.0075411747225492326
48167,"Galveston County, Texas",2022,0.850083702020806,0.0021284228147793855
48201,"Harris County, Texas",2022,0.8148195008204508,0.01907332239398912
48215,"Hidalgo County, Texas",2022,0.8440983481424731,0.002306889854490661
48303,"Lubbock County, Texas",2022,0.9015078519331516,0.0018249921831628517
48309,"McLennan County, Texas",2022,0.8565266119993872,9.433734065455601e-4
48339,"Montgomery County, Texas",2022,0.7908328112138969,0.004880281084534208
48355,"Nueces County, Texas",2022,0.9143849971751241,0.009519528093846631
48439,"Tarrant County, Texas",2022,0.8142009446508002,0.002623010959783556
48453,"Travis County, Texas",2022,0.628858400827922,0.0180078256358655
48491,"Williamson County, Texas",2022,0.6987657048184454,0.002018500621289521
53005,"Benton County, Washington",2022,0.8306350932302364,0.014588619064878579
53011,"Clark County, Washington",2022,0.7604822467847572,0.00722735850552657
53033,"King County, Washington",2022,0.5723522582321252,0.06329617416855797
53035,"Kitsap County, Washington",2022,0.7521921894774906,0.038969746278551196
53053,"Pierce County, Washington",2022,0.7923478528483969,0.017357470241039338
53057,"Skagit County, Washington",2022,0.8771018836362369,0.008904145393716567
53061,"Snohomish County, Washington",2022,0.7257854632754601,0.02590028182735465
53063,"Spokane County, Washington",2022,0.7741790877507565,0.017251040511348046
53067,"Thurston County, Washington",2022,0.7386678774754637,0.011553910097446824
53073,"Whatcom County, Washington",2022,0.7560887698882652,0.01452036455383348
53077,"Yakima County, Washington",2022,0.8955011258673774,0.0035384403290289967
06001,"Alameda County, California",2024,0.6608589125657798,0.09674324036346402
06007,"Butte County, California",2024,0.8058828008571832,0.005754440927237325
06013,"Contra Costa County, California",2024,0.7428365949441678,0.055455314040603304
06017,"El Dorado County, California",2024,0.7342673684913367,0.005419481198740276
06019,"Fresno County, California",2024,0.8540701832147924,0.008554136212738444
06023,"Humboldt County, California",2024,0.8102097051245348,0.010270541082164329
06029,"Kern County, California",2024,0.8903498972813619,0.0067325664401589
06037,"Los Angeles County, California",2024,0.7631557881703347,0.041263152582052313
06041,"Marin County, California",2024,0.6147646133365605,0.05935697285086127
06047,"Merced County, California",2024,0.8528317621761277,0.009148958784717396
06053,"Monterey County, California",2024,0.8604217884693359,0.008140137653525767
06055,"Napa County, California",2024,0.7840682050421706,0.01705126054265103
06057,"Nevada County, California",2024,0.6583670729859051,0.009678047935566285
06059,"Orange County, California",2024,0.7764104321814725,0.014236126258062505
06061,"Placer County, California",2024,0.7424851778656126,0.005765810276679842
06065,"Riverside County, California",2024,0.8491702723383839,0.008691259361467788
06067,"Sacramento County, California",2024,0.786651167884271,0.017206551182265946
06071,"San Bernardino County, California",2024,0.8580819495926629,0.009723854584174628
06073,"San Diego County, California",2024,0.7590050413182671,0.01898347149881581
06075,"San Francisco County, California",2024,0.3631812650769592,0.25036611660226715
06077,"San Joaquin County, California",2024,0.8596737151223214,0.007844203360264155
06079,"San Luis Obispo County, California",2024,0.8138396999230776,0.0038937042529401038
06081,"San Mateo County, California",2024,0.7138855684097494,0.05891514881374476
06083,"Santa Barbara County, California",2024,0.78181583545108,0.025914270965692505
06085,"Santa Clara County, California",2024,0.760915697966231,0.028903411030135117
06087,"Santa Cruz County, California",2024,0.755922007205856,0.021478993788617357
06089,"Shasta County, California",2024,0.8663585028874349,0.0049809851850903366
06095,"Solano County, California",2024,0.8365358804035355,0.020147494497020337
06097,"Sonoma County, California",2024,0.7981049593172833,0.01930598841222364
06099,"Stanislaus County, California",2024,0.8761251680307646,0.0077251612244550695
06107,"Tulare County, California",2024,0.8957965223676813,0.006129025781061762
06111,"Ventura County, California",2024,0.8232153763422545,0.005688993573724539
06113,"Yolo County, California",2024,0.7041799370932326,0.056131431623508934
08001,"Adams County, Colorado",2024,0.8087879301576538,0.016067130022037635
08005,"Arapahoe County, Colorado",2024,0.7426481662518039,0.02431123196442312
08013,"Boulder County, Colorado",2024,0.588706992387434,0.03221091717595806
08031,"Denver County, Colorado",2024,0.6462571806093093,0.03477382837758057
08041,"El Paso County, Colorado",2024,0.7938957813804224,0.006405437493195357
08059,"Jefferson County, Colorado",2024,0.7025089829519026,0.016289502355390863
08069,"Larimer County, Colorado",2024,0.7294544644619816,0.006160496889379344
08123,"Weld County, Colorado",2024,0.8293688616302681,0.0012587542994488418
12001,"Alachua County, Florida",2024,0.7333990864513602,0.02537790555334047
12009,"Brevard County, Florida",2024,0.8307183329415092,0.002623518308409909
12011,"Broward County, Florida",2024,0.7941539052373866,0.01702174643560079
12015,"Charlotte County, Florida",2024,0.8037274915372041,2.4455227626684516e-4
12017,"Citrus County, Florida",2024,0.8055417229849897,0.0021875222309169808
12021,"Collier County, Florida",2024,0.7492108072977114,0.005878325054547143
12031,"Duval County, Florida",2024,0.7915765407331862,0.0078040652866658445
12033,"Escambia County, Florida",2024,0.7972981519663028,0.008190293079676688
12057,"Hillsborough County, Florida",2024,0.7603871454681338,0.007912606152988562
12069,"Lake County, Florida",2024,0.803160424175939,0.001154468996500026
12071,"Lee County, Florida",2024,0.8036116800642259,0.004667702790329055
12073,"Leon County, Florida",2024,0.7888901459441113,0.02238741406733527
12081,"Manatee County, Florida",2024,0.7825294681657945,0.004860875911712374
12086,"Miami-Dade County, Florida",2024,0.7731651821293922,0.03731302194527378
12087,"Monroe County, Florida",2024,0.7253045945494861,0.00808278295701104
12095,"Orange County, Florida",2024,0.7858438685950199,0.012161913500736655
12097,"Osceola County, Florida",2024,0.8014168000732828,0.0197034665363862
12099,"Palm Beach County, Florida",2024,0.7886382701214804,0.01852279107481266
12101,"Pasco County, Florida",2024,0.7649502234763648,0.0019568570573474226
12103,"Pinellas County, Florida",2024,0.7357696894226405,0.017950801506980866
12105,"Polk County, Florida",2024,0.8352508017761632,0.0047913059856493035
12111,"St. Lucie County, Florida",2024,0.816655854213058,0.0056516987241304745
12115,"Sarasota County, Florida",2024,0.8051401079053753,0.0016549589846852248
12117,"Seminole County, Florida",2024,0.7601043176792037,0.00512649101600911
12127,"Volusia County, Florida",2024,0.8135503984415838,0.004178089661578498
25001,"Barnstable County, Massachusetts",2024,0.8154840770914968,0.022458395587254154
25005,"Bristol County, Massachusetts",2024,0.8317733899613383,0.03067870067465741
25009,"Essex County, Massachusetts",2024,0.7665323769283678,0.04889643781262137
25013,"Hampden County, Massachusetts",2024,0.838774997207016,0.01158157375339813
25015,"Hampshire County, Massachusetts",2024,0.701652470389774,0.026182924076648014
25017,"Middlesex County, Massachusetts",2024,0.6426304397480939,0.08392847431449113
25021,"Norfolk County, Massachusetts",2024,0.668331111618464,0.11130423255094601
25023,"Plymouth County, Massachusetts",2024,0.7939705835183595,0.03695057931295016
25025,"Suffolk County, Massachusetts",2024,0.4090128173248638,0.2514637068517305
25027,"Worcester County, Massachusetts",2024,0.8014226503120216,0.0198555196926969
27003,"Anoka County, Minnesota",2024,0.8078854935909457,0.011049219712213442
27019,"Carver County, Minnesota",2024,0.7714066912362992,0.005073469583113961
27037,"Dakota County, Minnesota",2024,0.7908431779315371,0.011867347403551923
27053,"Hennepin County, Minnesota",2024,0.6972640027868104,0.034838009445790345
27109,"Olmsted County, Minnesota",2024,0.7803303673487684,0.026099917071968085
27123,"Ramsey County, Minnesota",2024,0.7470945087675753,0.03699756172343811
27137,"St. Louis County, Minnesota",2024,0.8227023811965462,0.023658141395081732
27145,"Stearns County, Minnesota",2024,0.8451737716928431,0.015396767251247768
27163,"Washington County, Minnesota",2024,0.7873989785137981,0.009562133681455113
36001,"Albany County, New York",2024,0.7899007060764434,0.04423596619205033
36005,"Bronx County, New York",2024,0.28152507840905444,0.5454594110489864
36007,"Broome County, New York",2024,0.8155423867942562,0.02463707818421023
36009,"Cattaraugus County, New York",2024,0.8742816970289766,0.0013143416065533684
36013,"Chautauqua County, New York",2024,0.8706766356534223,0.00589189491544385
36027,"Dutchess County, New York",2024,0.7785844167342019,0.04735863576618972
36029,"Erie County, New York",2024,0.8251400622306599,0.026996170587255904
36047,"Kings County, New York",2024,0.21174502722622696,0.5130953583170232
36053,"Madison County, New York",2024,0.8303961965134706,0.0060538827258320126
36055,"Monroe County, New York",2024,0.8063568800251949,0.01571992689157288
36059,"Nassau County, New York",2024,0.6882279333910867,0.15356568865087492
36061,"New York County, New York",2024,0.0630794285776743,0.5102392585063011
36063,"Niagara County, New York",2024,0.84501,0.00773
36065,"Oneida County, New York",2024,0.8350448295310889,0.011542874924635821
36067,"Onondaga County, New York",2024,0.8067399346528772,0.020594244772680223
36071,"Orange County, New York",2024,0.7637639611220053,0.06207370619831187
36081,"Queens County, New York",2024,0.35411127514566026,0.4577020790184682
36083,"Rensselaer County, New York",2024,0.8258761791716124,0.027413006809520836
36085,"Richmond County, New York",2024,0.6268270000216277,0.25079914354304994
36087,"Rockland County, New York",2024,0.7772873167664869,0.0679659839184673
36093,"Schenectady County, New York",2024,0.7760409461889611,0.030546158779662724
36101,"Steuben County, New York",2024,0.858247294129383,0.010524215671604569
36103,"Suffolk County, New York",2024,0.8028653724829091,0.05069604608590429
36111,"Ulster County, New York",2024,0.769291539837814,0.020029277133629203
36119,"Westchester County, New York",2024,0.5989005734232852,0.20615543397263986
39007,"Ashtabula County, Ohio",2024,0.8677650223353668,0.006076180412123541
39017,"Butler County, Ohio",2024,0.8413643410852714,0.0027958656330749356
39023,"Clark County, Ohio",2024,0.8844651162790698,8.28752642706131e-4
39025,"Clermont County, Ohio",2024,0.8399065446658786,0.005240573018961007
39035,"Cuyahoga County, Ohio",2024,0.7757950886480467,0.03006044368407886
39045,"Fairfield County, Ohio",2024,0.8263008491905025,0.003620486420168876
39049,"Franklin County, Ohio",2024,0.7760372385044316,0.015265341405088163
39055,"Geauga County, Ohio",2024,0.7697049291448664,0.002393611387659133
39061,"Hamilton County, Ohio",2024,0.7993822871190811,0.01995466591269594
39093,"Lorain County, Ohio",2024,0.8557935493963966,0.0018707793392954918
39095,"Lucas County, Ohio",2024,0.8734324337806155,0.0053623983638449646
39099,"Mahoning County, Ohio",2024,0.8636372865525573,0.012009908428255264
39113,"Montgomery County, Ohio",2024,0.8453753626020747,0.011388674936101562
39153,"Summit County, Ohio",2024,0.8246898836148134,0.009355130675139238
39155,"Trumbull County, Ohio",2024,0.9045919009531656,0.0017621548636618494
39169,"Wayne County, Ohio",2024,0.8240401573734907,0
48021,"Bastrop County, Texas",2024,0.7508052921800215,0.011355984640302826
48027,"Bell County, Texas",2024,0.8699779669776677,0.0064194978647009225
48029,"Bexar County, Texas",2024,0.813108521157608,0.018532790158649424
48039,"Brazoria County, Texas",2024,0.8911782998615653,0.0015298035832514093
48041,"Brazos County, Texas",2024,0.815508319674593,0.02587294368022243
48061,"Cameron County, Texas",2024,0.8738349940569423,0.004776663223025738
48085,"Collin County, Texas",2024,0.7239389493272259,0.0034607906288768014
48113,"Dallas County, Texas",2024,0.8247489481563889,0.012438679440673653
48121,"Denton County, Texas",2024,0.7567265905565725,0.003275086287606724
48141,"El Paso County, Texas",2024,0.881106577135842,0.007507567210246674
48157,"Fort Bend County, Texas",2024,0.8164522403849436,0.00938683752516807
48167,"Galveston County, Texas",2024,0.8531969539945028,0.007896634073807056
48201,"Harris County, Texas",2024,0.8250799591993768,0.02254636142676284
48209,"Hays County, Texas",2024,0.7726332794830372,0.00610016155088853
48215,"Hidalgo County, Texas",2024,0.8551241698445796,0.0032347321435650237
48245,"Jefferson County, Texas",2024,0.927214638396747,0.003717688062735986
48303,"Lubbock County, Texas",2024,0.86764349427962,0.009186542563505914
48309,"McLennan County, Texas",2024,0.8738930630651718,0.0033627476222799586
48339,"Montgomery County, Texas",2024,0.7968147894556659,0.0058226634714139
48355,"Nueces County, Texas",2024,0.9038060880200107,0.011646272885387153
48381,"Randall County, Texas",2024,0.8898964539538602,4.2467618440938785e-4
48439,"Tarrant County, Texas",2024,0.8396201908797936,0.0050650081786627775
48453,"Travis County, Texas",2024,0.6689792552179153,0.02189684704688194
48479,"Webb County, Texas",2024,0.9186063299058375,0.010426859590304625
48491,"Williamson County, Texas",2024,0.7518468442995871,0.00379907567820441
53005,"Benton County, Washington",2024,0.8828681007841677,0.004258060619482389
53011,"Clark County, Washington",2024,0.7787790867490995,0.012259760490701977
53029,"Island County, Washington",2024,0.7737709205020921,0.02973326359832636
53033,"King County, Washington",2024,0.6229304771689819,0.08477635000836645
53035,"Kitsap County, Washington",2024,0.7106587081645704,0.05172315781993889
53053,"Pierce County, Washington",2024,0.8133644711230659,0.02089984488396375
53057,"Skagit County, Washington",2024,0.8506362035192836,0.005859985843854422
53061,"Snohomish County, Washington",2024,0.7658897415469957,0.04213734982965752
53063,"Spokane County, Washington",2024,0.8093915668333176,0.01997547401188567
53067,"Thurston County, Washington",2024,0.74331715368798,0.00862370434612318
53073,"Whatcom County, Washington",2024,0.7729036820207535,0.02016148925323554
53077,"Yakima County, Washington",2024,0.9142389403579269,0.0045578003497414145
